{"cameraMode":{"drawMode":0,"name":"Shaded","section":"Shading Mode"},"sceneLighting":false,"audioPlay":false,"sceneViewState":{"m_AlwaysRefresh":false,"showFog":true,"showSkybox":false,"showFlares":true,"showImageEffects":true,"showParticleSystems":true,"showVisualEffectGraphs":true,"m_FxEnabled":true},"in2DMode":false,"pivot":{"x":7.519999980926514,"y":-0.12000000476837158,"z":6.491940498352051},"rotation":{"x":-0.35719311237335207,"y":-0.011696177534759045,"z":0.0045004296116530899,"w":-0.9338951110839844},"size":1.2247450351715088,"orthographic":false}