{"cameraMode":{"drawMode":0,"name":"Shaded","section":"Shading Mode"},"sceneLighting":true,"audioPlay":false,"sceneViewState":{"m_AlwaysRefresh":false,"showFog":true,"showSkybox":true,"showFlares":true,"showImageEffects":true,"showParticleSystems":true,"showVisualEffectGraphs":true,"m_FxEnabled":true},"in2DMode":false,"pivot":{"x":32.588409423828128,"y":29.91236114501953,"z":-7.037255764007568},"rotation":{"x":0.06541707366704941,"y":0.7088700532913208,"z":-0.06634745746850968,"w":0.6991428136825562},"size":15.529693603515625,"orthographic":false}