{"cameraMode":{"drawMode":0,"name":"Shaded","section":"Shading Mode"},"sceneLighting":true,"audioPlay":false,"sceneViewState":{"m_AlwaysRefresh":false,"showFog":true,"showSkybox":true,"showFlares":true,"showImageEffects":true,"showParticleSystems":true,"showVisualEffectGraphs":true,"m_FxEnabled":true},"in2DMode":false,"pivot":{"x":93.33726501464844,"y":34.50471115112305,"z":-1.9857149124145508},"rotation":{"x":0.05229974538087845,"y":0.6341477036476135,"z":-0.04307912290096283,"w":0.7702211737632752},"size":15.529693603515625,"orthographic":false}