{"cameraMode":{"drawMode":0,"name":"Shaded","section":"Shading Mode"},"sceneLighting":true,"audioPlay":false,"sceneViewState":{"m_AlwaysRefresh":false,"showFog":true,"showSkybox":true,"showFlares":true,"showImageEffects":true,"showParticleSystems":true,"showVisualEffectGraphs":true,"m_FxEnabled":true},"in2DMode":false,"pivot":{"x":129.0455780029297,"y":77.07981872558594,"z":2.2944040298461916},"rotation":{"x":0.02192475087940693,"y":0.9522069692611694,"z":-0.07040774077177048,"w":0.29642972350120547},"size":5.722761631011963,"orthographic":false}