{"cameraMode":{"drawMode":0,"name":"Shaded","section":"Shading Mode"},"sceneLighting":true,"audioPlay":false,"sceneViewState":{"m_AlwaysRefresh":false,"showFog":true,"showSkybox":true,"showFlares":true,"showImageEffects":true,"showParticleSystems":true,"showVisualEffectGraphs":true,"m_FxEnabled":true},"in2DMode":false,"pivot":{"x":102.78072357177735,"y":-91.44100189208985,"z":216.09197998046876},"rotation":{"x":0.24560807645320893,"y":0.17305614054203034,"z":-0.04440437629818916,"w":0.9525595307350159},"size":161.49717712402345,"orthographic":false}