{"cameraMode":{"drawMode":0,"name":"Shaded","section":"Shading Mode"},"sceneLighting":true,"audioPlay":false,"sceneViewState":{"m_AlwaysRefresh":false,"showFog":true,"showSkybox":true,"showFlares":true,"showImageEffects":true,"showParticleSystems":true,"showVisualEffectGraphs":true,"m_FxEnabled":true},"in2DMode":false,"pivot":{"x":-0.17177912592887879,"y":10.916552543640137,"z":8.302106857299805},"rotation":{"x":-0.021861296147108079,"y":-0.8928015232086182,"z":0.043618615716695788,"w":-0.4477931559085846},"size":2.947338104248047,"orthographic":false}